{"cameraMode":{"drawMode":0,"name":"Shaded","section":"Shading Mode"},"sceneLighting":true,"audioPlay":false,"sceneViewState":{"showFog":false,"showMaterialUpdate":false,"showSkybox":false,"showFlares":false,"showImageEffects":false,"showParticleSystems":false},"in2DMode":false,"pivot":{"x":-1.2457189559936524,"y":-1.6895809173583985,"z":-23.700927734375},"rotation":{"x":0.28546568751335146,"y":-0.007187705487012863,"z":0.002141382545232773,"w":0.9583595991134644},"size":51.645774841308597,"orthographic":false}