{"cameraMode":{"drawMode":0,"name":"Shaded","section":"Shading Mode"},"sceneLighting":false,"audioPlay":false,"sceneViewState":{"showFog":false,"showMaterialUpdate":false,"showSkybox":false,"showFlares":false,"showImageEffects":false,"showParticleSystems":true},"in2DMode":false,"pivot":{"x":0.4239811897277832,"y":-0.15227293968200684,"z":-4.443485260009766},"rotation":{"x":0.07069429755210877,"y":0.873386800289154,"z":-0.13333986699581147,"w":0.4630533456802368},"size":10.623956680297852,"orthographic":false}