{"cameraMode":{"drawMode":0,"name":"Shaded","section":"Shading Mode"},"sceneLighting":true,"audioPlay":false,"sceneViewState":{"showFog":false,"showMaterialUpdate":false,"showSkybox":false,"showFlares":false,"showImageEffects":false,"showParticleSystems":false},"in2DMode":false,"pivot":{"x":-0.7221834063529968,"y":1.5325698852539063,"z":-27.849910736083986},"rotation":{"x":0.4173257052898407,"y":1.7253748296752748e-7,"z":3.290951440249046e-7,"w":0.9087569713592529},"size":55.30009078979492,"orthographic":false}