{"cameraMode":{"drawMode":0,"name":"Shaded","section":"Shading Mode"},"sceneLighting":false,"audioPlay":false,"sceneViewState":{"showFog":false,"showMaterialUpdate":false,"showSkybox":false,"showFlares":false,"showImageEffects":false,"showParticleSystems":true},"in2DMode":false,"pivot":{"x":-2.575916290283203,"y":26.454599380493165,"z":-44.672035217285159},"rotation":{"x":0.3365432620048523,"y":-0.11402397602796555,"z":0.04109236225485802,"w":0.9338353872299194},"size":5.942103385925293,"orthographic":false}