{"cameraMode":{"drawMode":0,"name":"Shaded","section":"Shading Mode"},"sceneLighting":false,"audioPlay":false,"sceneViewState":{"showFog":false,"showMaterialUpdate":false,"showSkybox":false,"showFlares":false,"showImageEffects":false,"showParticleSystems":true},"in2DMode":false,"pivot":{"x":-3.0813846588134767,"y":19.223541259765626,"z":-40.08053970336914},"rotation":{"x":0.4721581041812897,"y":-0.027764134109020234,"z":0.014879558235406876,"w":0.880950927734375},"size":19.45892906188965,"orthographic":false}