{"cameraMode":{"drawMode":0,"name":"Shaded","section":"Shading Mode"},"sceneLighting":true,"audioPlay":false,"sceneViewState":{"showFog":false,"showMaterialUpdate":false,"showSkybox":false,"showFlares":false,"showImageEffects":false,"showParticleSystems":false},"in2DMode":false,"pivot":{"x":5.205859184265137,"y":35.98942565917969,"z":-73.37635803222656},"rotation":{"x":0.2551470100879669,"y":0.0014503502752631903,"z":-0.00038272104575298727,"w":0.9669011235237122},"size":41.01302719116211,"orthographic":false}