{"cameraMode":{"drawMode":0,"name":"Shaded","section":"Shading Mode"},"sceneLighting":false,"audioPlay":false,"sceneViewState":{"showFog":false,"showMaterialUpdate":false,"showSkybox":false,"showFlares":false,"showImageEffects":false,"showParticleSystems":true},"in2DMode":false,"pivot":{"x":-3.5057358741760256,"y":26.55792999267578,"z":-44.88356399536133},"rotation":{"x":0.32597190141677859,"y":-0.17861266434192658,"z":0.06285982578992844,"w":0.9262226819992065},"size":8.8902587890625,"orthographic":false}