{"cameraMode":{"drawMode":0,"name":"Shaded","section":"Shading Mode"},"sceneLighting":true,"audioPlay":false,"sceneViewState":{"showFog":false,"showMaterialUpdate":false,"showSkybox":false,"showFlares":false,"showImageEffects":false,"showParticleSystems":false},"in2DMode":false,"pivot":{"x":2.458559274673462,"y":52.909244537353519,"z":-72.54661560058594},"rotation":{"x":0.2854527533054352,"y":0.011500380001962185,"z":-0.0034255851060152055,"w":0.9583176970481873},"size":59.5306396484375,"orthographic":false}