{"cameraMode":{"drawMode":0,"name":"Shaded","section":"Shading Mode"},"sceneLighting":false,"audioPlay":false,"sceneViewState":{"showFog":false,"showMaterialUpdate":false,"showSkybox":false,"showFlares":false,"showImageEffects":false,"showParticleSystems":false},"in2DMode":false,"pivot":{"x":112.12913513183594,"y":26.712783813476564,"z":-2.3382568359375},"rotation":{"x":0.004497320856899023,"y":0.034492794424295428,"z":-0.00015522426110692322,"w":0.9993948936462402},"size":408.2115478515625,"orthographic":false}