{"cameraMode":{"drawMode":0,"name":"Shaded","section":"Shading Mode"},"sceneLighting":true,"audioPlay":false,"sceneViewState":{"showFog":false,"showMaterialUpdate":false,"showSkybox":false,"showFlares":false,"showImageEffects":false,"showParticleSystems":false},"in2DMode":false,"pivot":{"x":-0.8493404388427734,"y":-3.4797210693359377,"z":-24.921527862548829},"rotation":{"x":0.3055342137813568,"y":-0.002856407081708312,"z":0.0009169517434202135,"w":0.9521763920783997},"size":51.645774841308597,"orthographic":false}